model,weight
Linear Regression,0.07239278960930146
Lasso Regression,0.07118973651672916
Ridge Regression,0.07228801340913085
Elastic Net,0.0725299089160883
PCR,0.0723696126816597
PLS,0.07161729842849224
Random Forest,0.0746992932667025
XGBoost,0.10241697404352872
CatBoost,0.12349877443898362
Feedforward NN,0.10872751843552723
LSTM,0.15827008025385622
